mean_fit_time,std_fit_time,mean_score_time,std_score_time,param_max_depth,param_max_features,param_max_leaf_nodes,param_min_samples_split,param_n_estimators,params,split0_test_score,split1_test_score,split2_test_score,split3_test_score,split4_test_score,mean_test_score,std_test_score,rank_test_score
0.10154623985290527,0.013893942366512155,0.004107618331909179,0.0006682458031802593,2,sqrt,4,2,50,"{'max_depth': 2, 'max_features': 'sqrt', 'max_leaf_nodes': 4, 'min_samples_split': 2, 'n_estimators': 50}",0.6768964722303803,0.7133901814707904,0.6553409003841902,0.6929075076000413,0.7066682721374511,0.6890406667645707,0.020984468116365274,205
0.29465608596801757,0.020230171696944025,0.009480476379394531,0.0015131381736341995,2,sqrt,4,2,150,"{'max_depth': 2, 'max_features': 'sqrt', 'max_leaf_nodes': 4, 'min_samples_split': 2, 'n_estimators': 150}",0.679281690168331,0.7213739208597294,0.6521129329638843,0.7022489179505594,0.71244236134082,0.6934919646566648,0.02500944386448379,181
0.5550171852111816,0.02680718037901481,0.015668821334838868,0.003738090545235447,2,sqrt,4,2,300,"{'max_depth': 2, 'max_features': 'sqrt', 'max_leaf_nodes': 4, 'min_samples_split': 2, 'n_estimators': 300}",0.6817031093368457,0.7192178025226262,0.6568611741037561,0.699895086262361,0.7080540867969619,0.6931462518045102,0.02188638134015747,193
0.09100699424743652,0.003787979297497448,0.005111074447631836,0.0010713232943893307,2,sqrt,4,6,50,"{'max_depth': 2, 'max_features': 'sqrt', 'max_leaf_nodes': 4, 'min_samples_split': 6, 'n_estimators': 50}",0.6768964722303803,0.7133901814707904,0.6553409003841902,0.6929075076000413,0.7066682721374511,0.6890406667645707,0.020984468116365274,205
0.26824522018432617,0.006307360518971557,0.007884788513183593,0.00038684645179132553,2,sqrt,4,6,150,"{'max_depth': 2, 'max_features': 'sqrt', 'max_leaf_nodes': 4, 'min_samples_split': 6, 'n_estimators': 150}",0.679281690168331,0.7213739208597294,0.6521129329638843,0.7022489179505594,0.71244236134082,0.6934919646566648,0.02500944386448379,181
0.5600696563720703,0.024591117774555426,0.014500617980957031,0.0012840620951691626,2,sqrt,4,6,300,"{'max_depth': 2, 'max_features': 'sqrt', 'max_leaf_nodes': 4, 'min_samples_split': 6, 'n_estimators': 300}",0.6817031093368457,0.7192178025226262,0.6568611741037561,0.699895086262361,0.7080540867969619,0.6931462518045102,0.02188638134015747,193
0.09250507354736329,0.004807434613489888,0.0043011665344238285,0.00040006664853547063,2,sqrt,8,2,50,"{'max_depth': 2, 'max_features': 'sqrt', 'max_leaf_nodes': 8, 'min_samples_split': 2, 'n_estimators': 50}",0.6768964722303803,0.7133901814707904,0.6553409003841902,0.6929075076000413,0.7066682721374511,0.6890406667645707,0.020984468116365274,205
0.27713332176208494,0.021751773591328686,0.008750724792480468,0.0009836349348351853,2,sqrt,8,2,150,"{'max_depth': 2, 'max_features': 'sqrt', 'max_leaf_nodes': 8, 'min_samples_split': 2, 'n_estimators': 150}",0.679281690168331,0.7213739208597294,0.6521129329638843,0.7022489179505594,0.71244236134082,0.6934919646566648,0.02500944386448379,181
0.5473852634429932,0.02571463375689276,0.014420509338378906,0.0011108115496051576,2,sqrt,8,2,300,"{'max_depth': 2, 'max_features': 'sqrt', 'max_leaf_nodes': 8, 'min_samples_split': 2, 'n_estimators': 300}",0.6817031093368457,0.7192178025226262,0.6568611741037561,0.699895086262361,0.7080540867969619,0.6931462518045102,0.02188638134015747,193
0.0903439998626709,0.005302147779355103,0.004114723205566407,0.0003786386879162762,2,sqrt,8,6,50,"{'max_depth': 2, 'max_features': 'sqrt', 'max_leaf_nodes': 8, 'min_samples_split': 6, 'n_estimators': 50}",0.6768964722303803,0.7133901814707904,0.6553409003841902,0.6929075076000413,0.7066682721374511,0.6890406667645707,0.020984468116365274,205
0.2652106761932373,0.007628717668728028,0.007517719268798828,0.0003196031635384257,2,sqrt,8,6,150,"{'max_depth': 2, 'max_features': 'sqrt', 'max_leaf_nodes': 8, 'min_samples_split': 6, 'n_estimators': 150}",0.679281690168331,0.7213739208597294,0.6521129329638843,0.7022489179505594,0.71244236134082,0.6934919646566648,0.02500944386448379,181
0.5415644645690918,0.02118445808958362,0.01417851448059082,0.0013941105499453552,2,sqrt,8,6,300,"{'max_depth': 2, 'max_features': 'sqrt', 'max_leaf_nodes': 8, 'min_samples_split': 6, 'n_estimators': 300}",0.6817031093368457,0.7192178025226262,0.6568611741037561,0.699895086262361,0.7080540867969619,0.6931462518045102,0.02188638134015747,193
0.08831663131713867,0.0019399392815356564,0.004309463500976563,0.0006029642424768619,2,sqrt,,2,50,"{'max_depth': 2, 'max_features': 'sqrt', 'max_leaf_nodes': None, 'min_samples_split': 2, 'n_estimators': 50}",0.6768964722303803,0.7133901814707904,0.6553409003841902,0.6929075076000413,0.7066682721374511,0.6890406667645707,0.020984468116365274,205
0.27885022163391116,0.022930140997145024,0.009663581848144531,0.0019841362609368187,2,sqrt,,2,150,"{'max_depth': 2, 'max_features': 'sqrt', 'max_leaf_nodes': None, 'min_samples_split': 2, 'n_estimators': 150}",0.679281690168331,0.7213739208597294,0.6521129329638843,0.7022489179505594,0.71244236134082,0.6934919646566648,0.02500944386448379,181
0.5443212032318115,0.024390775090941848,0.014118576049804687,0.0005878192849947287,2,sqrt,,2,300,"{'max_depth': 2, 'max_features': 'sqrt', 'max_leaf_nodes': None, 'min_samples_split': 2, 'n_estimators': 300}",0.6817031093368457,0.7192178025226262,0.6568611741037561,0.699895086262361,0.7080540867969619,0.6931462518045102,0.02188638134015747,193
0.09178986549377441,0.005512986263489868,0.004614400863647461,0.0010229019915590108,2,sqrt,,6,50,"{'max_depth': 2, 'max_features': 'sqrt', 'max_leaf_nodes': None, 'min_samples_split': 6, 'n_estimators': 50}",0.6768964722303803,0.7133901814707904,0.6553409003841902,0.6929075076000413,0.7066682721374511,0.6890406667645707,0.020984468116365274,205
0.2673792362213135,0.0093511728076877,0.007912206649780273,0.0004897655106552286,2,sqrt,,6,150,"{'max_depth': 2, 'max_features': 'sqrt', 'max_leaf_nodes': None, 'min_samples_split': 6, 'n_estimators': 150}",0.679281690168331,0.7213739208597294,0.6521129329638843,0.7022489179505594,0.71244236134082,0.6934919646566648,0.02500944386448379,181
0.5403124332427979,0.015904288332646514,0.014097452163696289,0.0007878415304687905,2,sqrt,,6,300,"{'max_depth': 2, 'max_features': 'sqrt', 'max_leaf_nodes': None, 'min_samples_split': 6, 'n_estimators': 300}",0.6817031093368457,0.7192178025226262,0.6568611741037561,0.699895086262361,0.7080540867969619,0.6931462518045102,0.02188638134015747,193
0.09167404174804687,0.00501190609774761,0.004100370407104492,0.0006617135304402114,2,log2,4,2,50,"{'max_depth': 2, 'max_features': 'log2', 'max_leaf_nodes': 4, 'min_samples_split': 2, 'n_estimators': 50}",0.6768964722303803,0.7133901814707904,0.6553409003841902,0.6929075076000413,0.7066682721374511,0.6890406667645707,0.020984468116365274,205
0.2713054656982422,0.01508609139766291,0.009316253662109374,0.0014420781401984178,2,log2,4,2,150,"{'max_depth': 2, 'max_features': 'log2', 'max_leaf_nodes': 4, 'min_samples_split': 2, 'n_estimators': 150}",0.679281690168331,0.7213739208597294,0.6521129329638843,0.7022489179505594,0.71244236134082,0.6934919646566648,0.02500944386448379,181
0.5518693447113037,0.033575366431667246,0.014023303985595703,0.000552076184670959,2,log2,4,2,300,"{'max_depth': 2, 'max_features': 'log2', 'max_leaf_nodes': 4, 'min_samples_split': 2, 'n_estimators': 300}",0.6817031093368457,0.7192178025226262,0.6568611741037561,0.699895086262361,0.7080540867969619,0.6931462518045102,0.02188638134015747,193
0.08865694999694824,0.0032508487683728868,0.004304027557373047,0.0006067281809662836,2,log2,4,6,50,"{'max_depth': 2, 'max_features': 'log2', 'max_leaf_nodes': 4, 'min_samples_split': 6, 'n_estimators': 50}",0.6768964722303803,0.7133901814707904,0.6553409003841902,0.6929075076000413,0.7066682721374511,0.6890406667645707,0.020984468116365274,205
0.26877918243408205,0.006091066405872019,0.007699441909790039,0.0006696205282425631,2,log2,4,6,150,"{'max_depth': 2, 'max_features': 'log2', 'max_leaf_nodes': 4, 'min_samples_split': 6, 'n_estimators': 150}",0.679281690168331,0.7213739208597294,0.6521129329638843,0.7022489179505594,0.71244236134082,0.6934919646566648,0.02500944386448379,181
0.5376292705535889,0.014935160092526222,0.015347957611083984,0.0018871362037668196,2,log2,4,6,300,"{'max_depth': 2, 'max_features': 'log2', 'max_leaf_nodes': 4, 'min_samples_split': 6, 'n_estimators': 300}",0.6817031093368457,0.7192178025226262,0.6568611741037561,0.699895086262361,0.7080540867969619,0.6931462518045102,0.02188638134015747,193
0.09062695503234863,0.004228114568220499,0.004103660583496094,0.0008025965053350415,2,log2,8,2,50,"{'max_depth': 2, 'max_features': 'log2', 'max_leaf_nodes': 8, 'min_samples_split': 2, 'n_estimators': 50}",0.6768964722303803,0.7133901814707904,0.6553409003841902,0.6929075076000413,0.7066682721374511,0.6890406667645707,0.020984468116365274,205
0.27720961570739744,0.020855102282948654,0.008658170700073242,0.0007452127296121953,2,log2,8,2,150,"{'max_depth': 2, 'max_features': 'log2', 'max_leaf_nodes': 8, 'min_samples_split': 2, 'n_estimators': 150}",0.679281690168331,0.7213739208597294,0.6521129329638843,0.7022489179505594,0.71244236134082,0.6934919646566648,0.02500944386448379,181
0.5823074340820312,0.02679027602610352,0.016380929946899415,0.0033704756374951677,2,log2,8,2,300,"{'max_depth': 2, 'max_features': 'log2', 'max_leaf_nodes': 8, 'min_samples_split': 2, 'n_estimators': 300}",0.6817031093368457,0.7192178025226262,0.6568611741037561,0.699895086262361,0.7080540867969619,0.6931462518045102,0.02188638134015747,193
0.09172110557556153,0.0017744641531432183,0.004511260986328125,0.0006353837795126558,2,log2,8,6,50,"{'max_depth': 2, 'max_features': 'log2', 'max_leaf_nodes': 8, 'min_samples_split': 6, 'n_estimators': 50}",0.6768964722303803,0.7133901814707904,0.6553409003841902,0.6929075076000413,0.7066682721374511,0.6890406667645707,0.020984468116365274,205
0.2903480052947998,0.015413727708206447,0.008516550064086914,0.0005525293241900954,2,log2,8,6,150,"{'max_depth': 2, 'max_features': 'log2', 'max_leaf_nodes': 8, 'min_samples_split': 6, 'n_estimators': 150}",0.679281690168331,0.7213739208597294,0.6521129329638843,0.7022489179505594,0.71244236134082,0.6934919646566648,0.02500944386448379,181
0.555196475982666,0.021016480904469115,0.015057992935180665,0.001833540310924533,2,log2,8,6,300,"{'max_depth': 2, 'max_features': 'log2', 'max_leaf_nodes': 8, 'min_samples_split': 6, 'n_estimators': 300}",0.6817031093368457,0.7192178025226262,0.6568611741037561,0.699895086262361,0.7080540867969619,0.6931462518045102,0.02188638134015747,193
0.09624428749084472,0.009499602397847745,0.005602884292602539,0.0012299334103702017,2,log2,,2,50,"{'max_depth': 2, 'max_features': 'log2', 'max_leaf_nodes': None, 'min_samples_split': 2, 'n_estimators': 50}",0.6768964722303803,0.7133901814707904,0.6553409003841902,0.6929075076000413,0.7066682721374511,0.6890406667645707,0.020984468116365274,205
0.2800485134124756,0.009745394084413807,0.00905613899230957,0.0013895861572273743,2,log2,,2,150,"{'max_depth': 2, 'max_features': 'log2', 'max_leaf_nodes': None, 'min_samples_split': 2, 'n_estimators': 150}",0.679281690168331,0.7213739208597294,0.6521129329638843,0.7022489179505594,0.71244236134082,0.6934919646566648,0.02500944386448379,181
0.5571624755859375,0.024915814052840844,0.01407313346862793,0.0009653842130277841,2,log2,,2,300,"{'max_depth': 2, 'max_features': 'log2', 'max_leaf_nodes': None, 'min_samples_split': 2, 'n_estimators': 300}",0.6817031093368457,0.7192178025226262,0.6568611741037561,0.699895086262361,0.7080540867969619,0.6931462518045102,0.02188638134015747,193
0.09403491020202637,0.0034702120199484026,0.003907966613769531,0.0005890721155659868,2,log2,,6,50,"{'max_depth': 2, 'max_features': 'log2', 'max_leaf_nodes': None, 'min_samples_split': 6, 'n_estimators': 50}",0.6768964722303803,0.7133901814707904,0.6553409003841902,0.6929075076000413,0.7066682721374511,0.6890406667645707,0.020984468116365274,205
0.2884875774383545,0.021854783852961614,0.009230232238769532,0.0019621910683777313,2,log2,,6,150,"{'max_depth': 2, 'max_features': 'log2', 'max_leaf_nodes': None, 'min_samples_split': 6, 'n_estimators': 150}",0.679281690168331,0.7213739208597294,0.6521129329638843,0.7022489179505594,0.71244236134082,0.6934919646566648,0.02500944386448379,181
0.5448442935943604,0.01523161830978863,0.015181732177734376,0.002493532801400306,2,log2,,6,300,"{'max_depth': 2, 'max_features': 'log2', 'max_leaf_nodes': None, 'min_samples_split': 6, 'n_estimators': 300}",0.6817031093368457,0.7192178025226262,0.6568611741037561,0.699895086262361,0.7080540867969619,0.6931462518045102,0.02188638134015747,193
0.1778489112854004,0.015956413143898233,0.004205894470214844,0.0004004757801695457,2,,4,2,50,"{'max_depth': 2, 'max_features': None, 'max_leaf_nodes': 4, 'min_samples_split': 2, 'n_estimators': 50}",0.6891357607073337,0.7087455260237269,0.6514076913659738,0.710788450667753,0.7199361895820074,0.6960027236693589,0.024452728321261923,175
0.5240742683410644,0.021020973900749362,0.0076163291931152345,0.0008072807657752776,2,,4,2,150,"{'max_depth': 2, 'max_features': None, 'max_leaf_nodes': 4, 'min_samples_split': 2, 'n_estimators': 150}",0.6942278553796559,0.708264576154987,0.6514076913659738,0.7098500570110451,0.7210800519609049,0.6969660463745132,0.024323655858901946,169
1.0114986419677734,0.02559455114771916,0.012486553192138672,0.0004960064061945702,2,,4,2,300,"{'max_depth': 2, 'max_features': None, 'max_leaf_nodes': 4, 'min_samples_split': 2, 'n_estimators': 300}",0.6926477801964734,0.725820549288769,0.6514076913659738,0.714605676022314,0.7210800519609049,0.701112349766887,0.027325724556620117,139
0.16408052444458007,0.00407260389473562,0.0038877487182617187,0.0013335828901264474,2,,4,6,50,"{'max_depth': 2, 'max_features': None, 'max_leaf_nodes': 4, 'min_samples_split': 6, 'n_estimators': 50}",0.6891357607073337,0.7087455260237269,0.6514076913659738,0.710788450667753,0.7199361895820074,0.6960027236693589,0.024452728321261923,175
0.5071909427642822,0.024300961851885062,0.007237672805786133,0.0005497318466789719,2,,4,6,150,"{'max_depth': 2, 'max_features': None, 'max_leaf_nodes': 4, 'min_samples_split': 6, 'n_estimators': 150}",0.6942278553796559,0.708264576154987,0.6514076913659738,0.7098500570110451,0.7210800519609049,0.6969660463745132,0.024323655858901946,169
1.0390297412872314,0.03447018031818074,0.015317630767822266,0.002476728597519692,2,,4,6,300,"{'max_depth': 2, 'max_features': None, 'max_leaf_nodes': 4, 'min_samples_split': 6, 'n_estimators': 300}",0.6926477801964734,0.725820549288769,0.6514076913659738,0.714605676022314,0.7210800519609049,0.701112349766887,0.027325724556620117,139
0.17041449546813964,0.007845886310333883,0.004207706451416016,0.0005123759955967668,2,,8,2,50,"{'max_depth': 2, 'max_features': None, 'max_leaf_nodes': 8, 'min_samples_split': 2, 'n_estimators': 50}",0.6891357607073337,0.7087455260237269,0.6514076913659738,0.710788450667753,0.7199361895820074,0.6960027236693589,0.024452728321261923,175
0.4978018760681152,0.015858705101191164,0.0072094440460205075,0.00025059154175883,2,,8,2,150,"{'max_depth': 2, 'max_features': None, 'max_leaf_nodes': 8, 'min_samples_split': 2, 'n_estimators': 150}",0.6942278553796559,0.708264576154987,0.6514076913659738,0.7098500570110451,0.7210800519609049,0.6969660463745132,0.024323655858901946,169
1.0728373050689697,0.048717432526292556,0.01304326057434082,0.0012936578269723317,2,,8,2,300,"{'max_depth': 2, 'max_features': None, 'max_leaf_nodes': 8, 'min_samples_split': 2, 'n_estimators': 300}",0.6926477801964734,0.725820549288769,0.6514076913659738,0.714605676022314,0.7210800519609049,0.701112349766887,0.027325724556620117,139
0.17401294708251952,0.011696931484625441,0.00398402214050293,0.000669614925544943,2,,8,6,50,"{'max_depth': 2, 'max_features': None, 'max_leaf_nodes': 8, 'min_samples_split': 6, 'n_estimators': 50}",0.6891357607073337,0.7087455260237269,0.6514076913659738,0.710788450667753,0.7199361895820074,0.6960027236693589,0.024452728321261923,175
0.524536418914795,0.03592907357397281,0.009619474411010742,0.0013602424467564626,2,,8,6,150,"{'max_depth': 2, 'max_features': None, 'max_leaf_nodes': 8, 'min_samples_split': 6, 'n_estimators': 150}",0.6942278553796559,0.708264576154987,0.6514076913659738,0.7098500570110451,0.7210800519609049,0.6969660463745132,0.024323655858901946,169
1.0722703456878662,0.11503513484936881,0.013174915313720703,0.0020532134987927267,2,,8,6,300,"{'max_depth': 2, 'max_features': None, 'max_leaf_nodes': 8, 'min_samples_split': 6, 'n_estimators': 300}",0.6926477801964734,0.725820549288769,0.6514076913659738,0.714605676022314,0.7210800519609049,0.701112349766887,0.027325724556620117,139
0.19068336486816406,0.022716671798939842,0.0052966117858886715,0.0013205184582180168,2,,,2,50,"{'max_depth': 2, 'max_features': None, 'max_leaf_nodes': None, 'min_samples_split': 2, 'n_estimators': 50}",0.6891357607073337,0.7087455260237269,0.6514076913659738,0.710788450667753,0.7199361895820074,0.6960027236693589,0.024452728321261923,175
0.518079137802124,0.022536483291999476,0.008580780029296875,0.0007631812695895641,2,,,2,150,"{'max_depth': 2, 'max_features': None, 'max_leaf_nodes': None, 'min_samples_split': 2, 'n_estimators': 150}",0.6942278553796559,0.708264576154987,0.6514076913659738,0.7098500570110451,0.7210800519609049,0.6969660463745132,0.024323655858901946,169
1.0865620613098144,0.11359436989735743,0.016825437545776367,0.005217145770359202,2,,,2,300,"{'max_depth': 2, 'max_features': None, 'max_leaf_nodes': None, 'min_samples_split': 2, 'n_estimators': 300}",0.6926477801964734,0.725820549288769,0.6514076913659738,0.714605676022314,0.7210800519609049,0.701112349766887,0.027325724556620117,139
0.19867911338806152,0.04277264153286506,0.003941011428833008,0.0001245565288508091,2,,,6,50,"{'max_depth': 2, 'max_features': None, 'max_leaf_nodes': None, 'min_samples_split': 6, 'n_estimators': 50}",0.6891357607073337,0.7087455260237269,0.6514076913659738,0.710788450667753,0.7199361895820074,0.6960027236693589,0.024452728321261923,175
0.5506215572357178,0.028935164681023067,0.009582281112670898,0.0016444482318742186,2,,,6,150,"{'max_depth': 2, 'max_features': None, 'max_leaf_nodes': None, 'min_samples_split': 6, 'n_estimators': 150}",0.6942278553796559,0.708264576154987,0.6514076913659738,0.7098500570110451,0.7210800519609049,0.6969660463745132,0.024323655858901946,169
1.1115772247314453,0.0500062136218171,0.013878583908081055,0.0006426655655243466,2,,,6,300,"{'max_depth': 2, 'max_features': None, 'max_leaf_nodes': None, 'min_samples_split': 6, 'n_estimators': 300}",0.6926477801964734,0.725820549288769,0.6514076913659738,0.714605676022314,0.7210800519609049,0.701112349766887,0.027325724556620117,139
0.12083873748779297,0.01259296604067121,0.004751777648925782,0.001149309530633356,4,sqrt,4,2,50,"{'max_depth': 4, 'max_features': 'sqrt', 'max_leaf_nodes': 4, 'min_samples_split': 2, 'n_estimators': 50}",0.6956000615455852,0.7204030194937227,0.6693604561135507,0.7044014450476113,0.7151838596444035,0.7009897683689745,0.01799693539200767,145
0.34784469604492185,0.004131841534353512,0.008814191818237305,0.0013294604068773465,4,sqrt,4,2,150,"{'max_depth': 4, 'max_features': 'sqrt', 'max_leaf_nodes': 4, 'min_samples_split': 2, 'n_estimators': 150}",0.6967135917568384,0.7280943703302685,0.6640283895612621,0.7101237348164793,0.7199904276053135,0.7037901028140323,0.022469239803448192,109
0.7128536224365234,0.02635456366939847,0.01521768569946289,0.0011293449709426876,4,sqrt,4,2,300,"{'max_depth': 4, 'max_features': 'sqrt', 'max_leaf_nodes': 4, 'min_samples_split': 2, 'n_estimators': 300}",0.6989853438556933,0.7236144712838961,0.6628958258077207,0.7067541321235126,0.719964738216698,0.7024429022575042,0.021678388958613577,127
0.11947369575500488,0.0034206970914670786,0.004311275482177734,0.0004026764985765021,4,sqrt,4,6,50,"{'max_depth': 4, 'max_features': 'sqrt', 'max_leaf_nodes': 4, 'min_samples_split': 6, 'n_estimators': 50}",0.6956000615455852,0.7204030194937227,0.6693604561135507,0.7044014450476113,0.7151838596444035,0.7009897683689745,0.01799693539200767,145
0.3447995662689209,0.013981126874071286,0.01059412956237793,0.0023616248566135766,4,sqrt,4,6,150,"{'max_depth': 4, 'max_features': 'sqrt', 'max_leaf_nodes': 4, 'min_samples_split': 6, 'n_estimators': 150}",0.6967135917568384,0.7280943703302685,0.6640283895612621,0.7101237348164793,0.7199904276053135,0.7037901028140323,0.022469239803448192,109
0.7047787666320801,0.028019438177886585,0.015235090255737304,0.0016429442630027412,4,sqrt,4,6,300,"{'max_depth': 4, 'max_features': 'sqrt', 'max_leaf_nodes': 4, 'min_samples_split': 6, 'n_estimators': 300}",0.6989853438556933,0.7236144712838961,0.6628958258077207,0.7067541321235126,0.719964738216698,0.7024429022575042,0.021678388958613577,127
0.12827963829040528,0.007799360460605891,0.004738426208496094,0.0005663085519378387,4,sqrt,8,2,50,"{'max_depth': 4, 'max_features': 'sqrt', 'max_leaf_nodes': 8, 'min_samples_split': 2, 'n_estimators': 50}",0.707930995087759,0.7315794974444714,0.6978026422809713,0.7235266612553581,0.7402342718526033,0.7202148135842326,0.015453806670073105,105
0.4040515899658203,0.020776302433667695,0.010863447189331054,0.0020262119368119765,4,sqrt,8,2,150,"{'max_depth': 4, 'max_features': 'sqrt', 'max_leaf_nodes': 8, 'min_samples_split': 2, 'n_estimators': 150}",0.7102372009772315,0.7383683621252706,0.7033841010342567,0.7235983747158711,0.7380315292994917,0.7227239136304243,0.014211142758469644,73
0.8210021495819092,0.031076277901952266,0.01959338188171387,0.004031926336230049,4,sqrt,8,2,300,"{'max_depth': 4, 'max_features': 'sqrt', 'max_leaf_nodes': 8, 'min_samples_split': 2, 'n_estimators': 300}",0.7136349360689952,0.7406429366554065,0.6977580791676592,0.7235266612553581,0.7414536448530945,0.7234032516001027,0.016589957954990502,69
0.12668342590332032,0.004887282193524815,0.004601001739501953,0.0010206821949273316,4,sqrt,8,6,50,"{'max_depth': 4, 'max_features': 'sqrt', 'max_leaf_nodes': 8, 'min_samples_split': 6, 'n_estimators': 50}",0.707930995087759,0.7315794974444714,0.6978026422809713,0.7235266612553581,0.7402342718526033,0.7202148135842326,0.015453806670073105,105
0.41449747085571287,0.026750373805057733,0.01154642105102539,0.003224119219017282,4,sqrt,8,6,150,"{'max_depth': 4, 'max_features': 'sqrt', 'max_leaf_nodes': 8, 'min_samples_split': 6, 'n_estimators': 150}",0.7102372009772315,0.7383683621252706,0.7033841010342567,0.7235983747158711,0.7380315292994917,0.7227239136304243,0.014211142758469644,73
0.7736160755157471,0.019843246350507042,0.017228460311889647,0.002401430367899855,4,sqrt,8,6,300,"{'max_depth': 4, 'max_features': 'sqrt', 'max_leaf_nodes': 8, 'min_samples_split': 6, 'n_estimators': 300}",0.7136349360689952,0.7406429366554065,0.6977580791676592,0.7235266612553581,0.7414536448530945,0.7234032516001027,0.016589957954990502,69
0.1512934684753418,0.01540516481996138,0.004706192016601563,0.00039959193982333756,4,sqrt,,2,50,"{'max_depth': 4, 'max_features': 'sqrt', 'max_leaf_nodes': None, 'min_samples_split': 2, 'n_estimators': 50}",0.7168293553211575,0.7393251377550519,0.6945382676023892,0.7227072485700247,0.7329486995507093,0.7212697417598666,0.015483866105139518,83
0.3910818576812744,0.00707231697436372,0.00960841178894043,0.0004683646811510281,4,sqrt,,2,150,"{'max_depth': 4, 'max_features': 'sqrt', 'max_leaf_nodes': None, 'min_samples_split': 2, 'n_estimators': 150}",0.7124855898912119,0.7518909605107651,0.7040100549802785,0.7265469220865683,0.7354819957809567,0.7260831046499561,0.0168920788215869,47
0.7892887592315674,0.013381763266738967,0.016620635986328125,0.0010233923813570455,4,sqrt,,2,300,"{'max_depth': 4, 'max_features': 'sqrt', 'max_leaf_nodes': None, 'min_samples_split': 2, 'n_estimators': 300}",0.7091341234984937,0.7508208445723836,0.7020646526818568,0.7278155209200047,0.742390676675941,0.726445163669736,0.01867828959692285,45
0.1395850658416748,0.009513960391439948,0.005515003204345703,0.0011449952571917473,4,sqrt,,6,50,"{'max_depth': 4, 'max_features': 'sqrt', 'max_leaf_nodes': None, 'min_samples_split': 6, 'n_estimators': 50}",0.7157770819043275,0.741678655371976,0.6910166484065989,0.7272344771647997,0.7351496378247311,0.7221713001344867,0.017810717392990026,77
0.3976407527923584,0.014195955045384744,0.009312105178833009,0.00040065367628685757,4,sqrt,,6,150,"{'max_depth': 4, 'max_features': 'sqrt', 'max_leaf_nodes': None, 'min_samples_split': 6, 'n_estimators': 150}",0.713638576416958,0.7496551549074458,0.702968804987391,0.7277621649673282,0.7411568686447679,0.7270363139847781,0.01714802174896605,41
0.7887649059295654,0.017626776671897864,0.018986320495605467,0.0014226330259209095,4,sqrt,,6,300,"{'max_depth': 4, 'max_features': 'sqrt', 'max_leaf_nodes': None, 'min_samples_split': 6, 'n_estimators': 300}",0.7091363417433383,0.7519634849659268,0.7054712595414222,0.7278155209200047,0.74576115027809,0.7280295514897563,0.01872494852577918,37
0.11276226043701172,0.008889480367801225,0.0048919677734375,0.001330231575015625,4,log2,4,2,50,"{'max_depth': 4, 'max_features': 'log2', 'max_leaf_nodes': 4, 'min_samples_split': 2, 'n_estimators': 50}",0.6956000615455852,0.7204030194937227,0.6693604561135507,0.7044014450476113,0.7151838596444035,0.7009897683689745,0.01799693539200767,145
0.3362454891204834,0.007382221265820231,0.008159208297729491,0.0003643026339433548,4,log2,4,2,150,"{'max_depth': 4, 'max_features': 'log2', 'max_leaf_nodes': 4, 'min_samples_split': 2, 'n_estimators': 150}",0.6967135917568384,0.7280943703302685,0.6640283895612621,0.7101237348164793,0.7199904276053135,0.7037901028140323,0.022469239803448192,109
0.6767096519470215,0.014749423936603327,0.01462693214416504,0.0007235865442375245,4,log2,4,2,300,"{'max_depth': 4, 'max_features': 'log2', 'max_leaf_nodes': 4, 'min_samples_split': 2, 'n_estimators': 300}",0.6989853438556933,0.7236144712838961,0.6628958258077207,0.7067541321235126,0.719964738216698,0.7024429022575042,0.021678388958613577,127
0.12230710983276367,0.0128075551300351,0.005420207977294922,0.0012427113533842304,4,log2,4,6,50,"{'max_depth': 4, 'max_features': 'log2', 'max_leaf_nodes': 4, 'min_samples_split': 6, 'n_estimators': 50}",0.6956000615455852,0.7204030194937227,0.6693604561135507,0.7044014450476113,0.7151838596444035,0.7009897683689745,0.01799693539200767,145
0.3372447967529297,0.010472077617369041,0.008404731750488281,0.0007954935270883739,4,log2,4,6,150,"{'max_depth': 4, 'max_features': 'log2', 'max_leaf_nodes': 4, 'min_samples_split': 6, 'n_estimators': 150}",0.6967135917568384,0.7280943703302685,0.6640283895612621,0.7101237348164793,0.7199904276053135,0.7037901028140323,0.022469239803448192,109
0.6871185302734375,0.016269633941109897,0.014730119705200195,0.0006808073247981503,4,log2,4,6,300,"{'max_depth': 4, 'max_features': 'log2', 'max_leaf_nodes': 4, 'min_samples_split': 6, 'n_estimators': 300}",0.6989853438556933,0.7236144712838961,0.6628958258077207,0.7067541321235126,0.719964738216698,0.7024429022575042,0.021678388958613577,127
0.12976555824279784,0.009957655322952848,0.004583215713500977,0.0006910585378234273,4,log2,8,2,50,"{'max_depth': 4, 'max_features': 'log2', 'max_leaf_nodes': 8, 'min_samples_split': 2, 'n_estimators': 50}",0.707930995087759,0.7315794974444714,0.6978026422809713,0.7235266612553581,0.7402342718526033,0.7202148135842326,0.015453806670073105,105
0.4153142929077148,0.037010636389657514,0.010021257400512695,0.0020082960866505254,4,log2,8,2,150,"{'max_depth': 4, 'max_features': 'log2', 'max_leaf_nodes': 8, 'min_samples_split': 2, 'n_estimators': 150}",0.7102372009772315,0.7383683621252706,0.7033841010342567,0.7235983747158711,0.7380315292994917,0.7227239136304243,0.014211142758469644,73
0.8791140556335449,0.098221623410791,0.019320583343505858,0.003091015496894735,4,log2,8,2,300,"{'max_depth': 4, 'max_features': 'log2', 'max_leaf_nodes': 8, 'min_samples_split': 2, 'n_estimators': 300}",0.7136349360689952,0.7406429366554065,0.6977580791676592,0.7235266612553581,0.7414536448530945,0.7234032516001027,0.016589957954990502,69
0.1574922561645508,0.014326682811342849,0.005419111251831055,0.0009226765447747745,4,log2,8,6,50,"{'max_depth': 4, 'max_features': 'log2', 'max_leaf_nodes': 8, 'min_samples_split': 6, 'n_estimators': 50}",0.707930995087759,0.7315794974444714,0.6978026422809713,0.7235266612553581,0.7402342718526033,0.7202148135842326,0.015453806670073105,105
0.3986965656280518,0.013727004188250529,0.010523176193237305,0.0018290133360047102,4,log2,8,6,150,"{'max_depth': 4, 'max_features': 'log2', 'max_leaf_nodes': 8, 'min_samples_split': 6, 'n_estimators': 150}",0.7102372009772315,0.7383683621252706,0.7033841010342567,0.7235983747158711,0.7380315292994917,0.7227239136304243,0.014211142758469644,73
0.9086145401000977,0.12490872321736861,0.020455455780029295,0.003220984430996127,4,log2,8,6,300,"{'max_depth': 4, 'max_features': 'log2', 'max_leaf_nodes': 8, 'min_samples_split': 6, 'n_estimators': 300}",0.7136349360689952,0.7406429366554065,0.6977580791676592,0.7235266612553581,0.7414536448530945,0.7234032516001027,0.016589957954990502,69
0.1444765567779541,0.011087527182670967,0.0064178466796875,0.0016212169602481256,4,log2,,2,50,"{'max_depth': 4, 'max_features': 'log2', 'max_leaf_nodes': None, 'min_samples_split': 2, 'n_estimators': 50}",0.7168293553211575,0.7393251377550519,0.6945382676023892,0.7227072485700247,0.7329486995507093,0.7212697417598666,0.015483866105139518,83
0.473293399810791,0.05417632369974257,0.012506484985351562,0.0022759172566707594,4,log2,,2,150,"{'max_depth': 4, 'max_features': 'log2', 'max_leaf_nodes': None, 'min_samples_split': 2, 'n_estimators': 150}",0.7124855898912119,0.7518909605107651,0.7040100549802785,0.7265469220865683,0.7354819957809567,0.7260831046499561,0.0168920788215869,47
0.7961987018585205,0.03404630305815717,0.020136690139770506,0.0027768369377867363,4,log2,,2,300,"{'max_depth': 4, 'max_features': 'log2', 'max_leaf_nodes': None, 'min_samples_split': 2, 'n_estimators': 300}",0.7091341234984937,0.7508208445723836,0.7020646526818568,0.7278155209200047,0.742390676675941,0.726445163669736,0.01867828959692285,45
0.13458828926086425,0.008608164836462946,0.005643367767333984,0.0011170944107006277,4,log2,,6,50,"{'max_depth': 4, 'max_features': 'log2', 'max_leaf_nodes': None, 'min_samples_split': 6, 'n_estimators': 50}",0.7157770819043275,0.741678655371976,0.6910166484065989,0.7272344771647997,0.7351496378247311,0.7221713001344867,0.017810717392990026,77
0.41046390533447263,0.025938949598695075,0.011545515060424805,0.0009415872837810284,4,log2,,6,150,"{'max_depth': 4, 'max_features': 'log2', 'max_leaf_nodes': None, 'min_samples_split': 6, 'n_estimators': 150}",0.713638576416958,0.7496551549074458,0.702968804987391,0.7277621649673282,0.7411568686447679,0.7270363139847781,0.01714802174896605,41
0.7958116054534912,0.021643557007029194,0.01661849021911621,0.0007465702199251096,4,log2,,6,300,"{'max_depth': 4, 'max_features': 'log2', 'max_leaf_nodes': None, 'min_samples_split': 6, 'n_estimators': 300}",0.7091363417433383,0.7519634849659268,0.7054712595414222,0.7278155209200047,0.74576115027809,0.7280295514897563,0.01872494852577918,37
0.2405093193054199,0.03193698911171903,0.00522317886352539,0.0019763409508880793,4,,4,2,50,"{'max_depth': 4, 'max_features': None, 'max_leaf_nodes': 4, 'min_samples_split': 2, 'n_estimators': 50}",0.6965222971370175,0.7096284073142584,0.657392134265555,0.710788450667753,0.7187914911076898,0.6986245560984546,0.021818718767546312,163
0.7385302543640136,0.0609182769918774,0.007616949081420898,0.000792771545367457,4,,4,2,150,"{'max_depth': 4, 'max_features': None, 'max_leaf_nodes': 4, 'min_samples_split': 2, 'n_estimators': 150}",0.695375534972729,0.7105260910685142,0.656682741476475,0.7144575615567952,0.7222230871020472,0.6998530032353122,0.023286682040318932,157
1.508407211303711,0.11542314625929526,0.01864480972290039,0.008031194959690445,4,,4,2,300,"{'max_depth': 4, 'max_features': None, 'max_leaf_nodes': 4, 'min_samples_split': 2, 'n_estimators': 300}",0.6963524229956998,0.7246740325939874,0.656682741476475,0.7157178134062548,0.7188215908431794,0.7024497202631192,0.024778191547203638,121
0.2928877830505371,0.03521705916392025,0.007026100158691406,0.0041557949640837226,4,,4,6,50,"{'max_depth': 4, 'max_features': None, 'max_leaf_nodes': 4, 'min_samples_split': 6, 'n_estimators': 50}",0.6965222971370175,0.7096284073142584,0.657392134265555,0.710788450667753,0.7187914911076898,0.6986245560984546,0.021818718767546312,163
0.7977975845336914,0.050637717531373666,0.00906977653503418,0.001566997898242797,4,,4,6,150,"{'max_depth': 4, 'max_features': None, 'max_leaf_nodes': 4, 'min_samples_split': 6, 'n_estimators': 150}",0.695375534972729,0.7105260910685142,0.656682741476475,0.7144575615567952,0.7222230871020472,0.6998530032353122,0.023286682040318932,157
1.5325285911560058,0.11546396952232839,0.014142751693725586,0.0020081141474136196,4,,4,6,300,"{'max_depth': 4, 'max_features': None, 'max_leaf_nodes': 4, 'min_samples_split': 6, 'n_estimators': 300}",0.6963524229956998,0.7246740325939874,0.656682741476475,0.7157178134062548,0.7188215908431794,0.7024497202631192,0.024778191547203638,121
0.3055333137512207,0.01677237687898773,0.006215381622314453,0.001290101894710928,4,,8,2,50,"{'max_depth': 4, 'max_features': None, 'max_leaf_nodes': 8, 'min_samples_split': 2, 'n_estimators': 50}",0.7091319052987599,0.73387710022033,0.6955652386550216,0.7291496842562334,0.7426400528582958,0.7220727962577282,0.01721948459583614,79
0.9013863563537597,0.06946256324559141,0.013036441802978516,0.005845370939598884,4,,8,2,150,"{'max_depth': 4, 'max_features': None, 'max_leaf_nodes': 8, 'min_samples_split': 2, 'n_estimators': 150}",0.7091252500228378,0.7384295641723728,0.6933101663487626,0.7280771702822771,0.7404063205417607,0.7218696942736023,0.01808002244145953,81
1.7054691791534424,0.021591489336814543,0.01735062599182129,0.002552662284004037,4,,8,2,300,"{'max_depth': 4, 'max_features': None, 'max_leaf_nodes': 8, 'min_samples_split': 2, 'n_estimators': 300}",0.713641488162345,0.7418237556932531,0.6944097368820552,0.7315112682170184,0.7370219910675913,0.7236816480044526,0.017470279720255697,67
0.2796213150024414,0.008694850388532079,0.004517841339111328,0.0003375979264462641,4,,8,6,50,"{'max_depth': 4, 'max_features': None, 'max_leaf_nodes': 8, 'min_samples_split': 6, 'n_estimators': 50}",0.7091319052987599,0.73387710022033,0.6955652386550216,0.7291496842562334,0.7426400528582958,0.7220727962577282,0.01721948459583614,79
0.8477034568786621,0.03975713085863653,0.009968233108520509,0.001348023608576058,4,,8,6,150,"{'max_depth': 4, 'max_features': None, 'max_leaf_nodes': 8, 'min_samples_split': 6, 'n_estimators': 150}",0.7091252500228378,0.7384295641723728,0.6933101663487626,0.7280771702822771,0.7404063205417607,0.7218696942736023,0.01808002244145953,81
1.6712896823883057,0.025999579500004564,0.016148948669433595,0.0008073092573684104,4,,8,6,300,"{'max_depth': 4, 'max_features': None, 'max_leaf_nodes': 8, 'min_samples_split': 6, 'n_estimators': 300}",0.713641488162345,0.7418237556932531,0.6944097368820552,0.7315112682170184,0.7370219910675913,0.7236816480044526,0.017470279720255697,67
0.2856736660003662,0.009534085349706409,0.004915857315063476,0.0008624179797922132,4,,,2,50,"{'max_depth': 4, 'max_features': None, 'max_leaf_nodes': None, 'min_samples_split': 2, 'n_estimators': 50}",0.7181403238249167,0.7406732728099844,0.6966650155766525,0.7291496842562334,0.74377437353705,0.7256805340009674,0.01710531688439182,50
0.842058801651001,0.030737972507400287,0.013028907775878906,0.004957279403827885,4,,,2,150,"{'max_depth': 4, 'max_features': None, 'max_leaf_nodes': None, 'min_samples_split': 2, 'n_estimators': 150}",0.7192720442553169,0.7418237556932531,0.69892029427125,0.7291496842562334,0.7437900403874551,0.7265911637727017,0.016453727662559283,43
1.676877784729004,0.04638097500513304,0.01629786491394043,0.0006184475441276659,4,,,2,300,"{'max_depth': 4, 'max_features': None, 'max_leaf_nodes': None, 'min_samples_split': 2, 'n_estimators': 300}",0.7170236753100339,0.7440785700540107,0.6955265397522991,0.7359578837171847,0.7460318680433314,0.727723707375372,0.0190872744489963,39
0.28308839797973634,0.007585660527029866,0.004905319213867188,0.0010217259855399999,4,,,6,50,"{'max_depth': 4, 'max_features': None, 'max_leaf_nodes': None, 'min_samples_split': 6, 'n_estimators': 50}",0.7181403238249167,0.7395517253919863,0.6966650155766525,0.7291496842562334,0.744907995240436,0.7256829488580451,0.01716330544847502,49
0.8202675342559814,0.018505688931740344,0.010480022430419922,0.0016803076427281316,4,,,6,150,"{'max_depth': 4, 'max_features': None, 'max_leaf_nodes': None, 'min_samples_split': 6, 'n_estimators': 150}",0.7192720442553169,0.7418237556932531,0.69892029427125,0.7291496842562334,0.7437900403874551,0.7265911637727017,0.016453727662559283,43
1.6341279983520507,0.020049167059511902,0.019045448303222655,0.0029315597317080854,4,,,6,300,"{'max_depth': 4, 'max_features': None, 'max_leaf_nodes': None, 'min_samples_split': 6, 'n_estimators': 300}",0.7170236753100339,0.7440785700540107,0.6955265397522991,0.7359578837171847,0.7460318680433314,0.727723707375372,0.0190872744489963,39
0.10752568244934083,0.003645347006310632,0.004217767715454101,0.0002650044804066124,8,sqrt,4,2,50,"{'max_depth': 8, 'max_features': 'sqrt', 'max_leaf_nodes': 4, 'min_samples_split': 2, 'n_estimators': 50}",0.6956000615455852,0.7204030194937227,0.6693604561135507,0.7044014450476113,0.7151838596444035,0.7009897683689745,0.01799693539200767,145
0.32045207023620603,0.0061975976465885475,0.009760046005249023,0.0010202999074681155,8,sqrt,4,2,150,"{'max_depth': 8, 'max_features': 'sqrt', 'max_leaf_nodes': 4, 'min_samples_split': 2, 'n_estimators': 150}",0.6967135917568384,0.7280943703302685,0.6640283895612621,0.7101237348164793,0.7199904276053135,0.7037901028140323,0.022469239803448192,109
0.6444400310516357,0.01806984396037554,0.013815069198608398,0.0007551628629230245,8,sqrt,4,2,300,"{'max_depth': 8, 'max_features': 'sqrt', 'max_leaf_nodes': 4, 'min_samples_split': 2, 'n_estimators': 300}",0.6989853438556933,0.7236144712838961,0.6628958258077207,0.7067541321235126,0.719964738216698,0.7024429022575042,0.021678388958613577,127
0.1120086669921875,0.008758898568874466,0.004909801483154297,0.0010732711240497334,8,sqrt,4,6,50,"{'max_depth': 8, 'max_features': 'sqrt', 'max_leaf_nodes': 4, 'min_samples_split': 6, 'n_estimators': 50}",0.6956000615455852,0.7204030194937227,0.6693604561135507,0.7044014450476113,0.7151838596444035,0.7009897683689745,0.01799693539200767,145
0.3190558433532715,0.0048764062426888246,0.00776968002319336,0.0006215211490534265,8,sqrt,4,6,150,"{'max_depth': 8, 'max_features': 'sqrt', 'max_leaf_nodes': 4, 'min_samples_split': 6, 'n_estimators': 150}",0.6967135917568384,0.7280943703302685,0.6640283895612621,0.7101237348164793,0.7199904276053135,0.7037901028140323,0.022469239803448192,109
0.6387293338775635,0.01699929060802705,0.014627838134765625,0.0009691551847593774,8,sqrt,4,6,300,"{'max_depth': 8, 'max_features': 'sqrt', 'max_leaf_nodes': 4, 'min_samples_split': 6, 'n_estimators': 300}",0.6989853438556933,0.7236144712838961,0.6628958258077207,0.7067541321235126,0.719964738216698,0.7024429022575042,0.021678388958613577,127
0.13619775772094728,0.011588321649778915,0.004911041259765625,0.0009774175175449459,8,sqrt,8,2,50,"{'max_depth': 8, 'max_features': 'sqrt', 'max_leaf_nodes': 8, 'min_samples_split': 2, 'n_estimators': 50}",0.702197161947524,0.7335585828058804,0.701244692141259,0.7181532204442769,0.7494228979795433,0.7209153110636967,0.018533571333276155,93
0.3827866554260254,0.006260640759643425,0.009313249588012695,0.0009267039437980439,8,sqrt,8,2,150,"{'max_depth': 8, 'max_features': 'sqrt', 'max_leaf_nodes': 8, 'min_samples_split': 2, 'n_estimators': 150}",0.7134447633183265,0.7403754961511904,0.6978118514863063,0.7316839121508314,0.7449079938493842,0.7256448033912078,0.017595731527549587,59
0.7765257358551025,0.029715879320986238,0.01582179069519043,0.0008169673254919867,8,sqrt,8,2,300,"{'max_depth': 8, 'max_features': 'sqrt', 'max_leaf_nodes': 8, 'min_samples_split': 2, 'n_estimators': 300}",0.715733654586273,0.7381178917698964,0.7046155639766801,0.7260156797786842,0.7437626180019872,0.7256490816227041,0.014313842102934453,51
0.12634763717651368,0.006763374901756579,0.004543495178222656,0.0010357449865748178,8,sqrt,8,6,50,"{'max_depth': 8, 'max_features': 'sqrt', 'max_leaf_nodes': 8, 'min_samples_split': 6, 'n_estimators': 50}",0.702197161947524,0.7335585828058804,0.701244692141259,0.7181532204442769,0.7494228979795433,0.7209153110636967,0.018533571333276155,93
0.38354926109313964,0.011280112129552274,0.008913755416870117,0.0010707989042252498,8,sqrt,8,6,150,"{'max_depth': 8, 'max_features': 'sqrt', 'max_leaf_nodes': 8, 'min_samples_split': 6, 'n_estimators': 150}",0.7134447633183265,0.7403754961511904,0.6978118514863063,0.7316839121508314,0.7449079938493842,0.7256448033912078,0.017595731527549587,59
0.7648641109466553,0.016237682480593495,0.016892290115356444,0.0006577516995171824,8,sqrt,8,6,300,"{'max_depth': 8, 'max_features': 'sqrt', 'max_leaf_nodes': 8, 'min_samples_split': 6, 'n_estimators': 300}",0.715733654586273,0.7381178917698964,0.7046155639766801,0.7260156797786842,0.7437626180019872,0.7256490816227041,0.014313842102934453,51
0.1808626651763916,0.004818824189281323,0.005902290344238281,0.0009206771307266185,8,sqrt,,2,50,"{'max_depth': 8, 'max_features': 'sqrt', 'max_leaf_nodes': None, 'min_samples_split': 2, 'n_estimators': 50}",0.7429217570864628,0.7745225763554215,0.7280771702822771,0.7519540270443595,0.7773997626879277,0.7549750586912898,0.018776996079345305,12
0.553376579284668,0.007952068162783193,0.013452816009521484,0.0007203056624955919,8,sqrt,,2,150,"{'max_depth': 8, 'max_features': 'sqrt', 'max_leaf_nodes': None, 'min_samples_split': 2, 'n_estimators': 150}",0.7463301604716719,0.7756431197060565,0.7225442942399387,0.7541464972333943,0.779548367500094,0.7556424878302311,0.020765183388843523,10
1.1008134365081788,0.01588201070528278,0.026953983306884765,0.006615095115527477,8,sqrt,,2,300,"{'max_depth': 8, 'max_features': 'sqrt', 'max_leaf_nodes': None, 'min_samples_split': 2, 'n_estimators': 300}",0.7497200597545178,0.7812868990647589,0.7282389173010159,0.74735740613718,0.7785463711775633,0.7570299306870072,0.020135898898593442,5
0.19020934104919435,0.018439103479204015,0.005608844757080078,0.0009810634472013548,8,sqrt,,6,50,"{'max_depth': 8, 'max_features': 'sqrt', 'max_leaf_nodes': None, 'min_samples_split': 6, 'n_estimators': 50}",0.7406132768976179,0.7688609644223467,0.7281705061897725,0.7463217774917794,0.7717671784585091,0.7511467406920052,0.016739997953068228,26
0.5543173789978028,0.019287871549973617,0.014020872116088868,0.0012306108617661867,8,sqrt,,6,150,"{'max_depth': 8, 'max_features': 'sqrt', 'max_leaf_nodes': None, 'min_samples_split': 6, 'n_estimators': 150}",0.7407009628087347,0.7779030439684329,0.7214907822658527,0.747399795942648,0.7673402608766793,0.7509669691724695,0.01990275364219979,30
1.1190411567687988,0.025556919653673904,0.025981855392456055,0.0018502546751388508,8,sqrt,,6,300,"{'max_depth': 8, 'max_features': 'sqrt', 'max_leaf_nodes': None, 'min_samples_split': 6, 'n_estimators': 300}",0.7452118067632072,0.7767773505918673,0.7260365733094056,0.7440069954787724,0.7638752787301184,0.7511816009746741,0.017525168624930882,23
0.10574164390563964,0.005095079870839167,0.003910064697265625,0.0008656001699068981,8,log2,4,2,50,"{'max_depth': 8, 'max_features': 'log2', 'max_leaf_nodes': 4, 'min_samples_split': 2, 'n_estimators': 50}",0.6956000615455852,0.7204030194937227,0.6693604561135507,0.7044014450476113,0.7151838596444035,0.7009897683689745,0.01799693539200767,145
0.3088871479034424,0.006318458619567131,0.007608366012573242,0.0004935052977738437,8,log2,4,2,150,"{'max_depth': 8, 'max_features': 'log2', 'max_leaf_nodes': 4, 'min_samples_split': 2, 'n_estimators': 150}",0.6967135917568384,0.7280943703302685,0.6640283895612621,0.7101237348164793,0.7199904276053135,0.7037901028140323,0.022469239803448192,109
0.6269021987915039,0.010597161420219742,0.013820457458496093,0.0004106629574424314,8,log2,4,2,300,"{'max_depth': 8, 'max_features': 'log2', 'max_leaf_nodes': 4, 'min_samples_split': 2, 'n_estimators': 300}",0.6989853438556933,0.7236144712838961,0.6628958258077207,0.7067541321235126,0.719964738216698,0.7024429022575042,0.021678388958613577,127
0.11213836669921876,0.01019790127714316,0.004605245590209961,0.0005845871755362124,8,log2,4,6,50,"{'max_depth': 8, 'max_features': 'log2', 'max_leaf_nodes': 4, 'min_samples_split': 6, 'n_estimators': 50}",0.6956000615455852,0.7204030194937227,0.6693604561135507,0.7044014450476113,0.7151838596444035,0.7009897683689745,0.01799693539200767,145
0.3000813961029053,0.0034210091724099488,0.009124755859375,0.0008670024804039114,8,log2,4,6,150,"{'max_depth': 8, 'max_features': 'log2', 'max_leaf_nodes': 4, 'min_samples_split': 6, 'n_estimators': 150}",0.6967135917568384,0.7280943703302685,0.6640283895612621,0.7101237348164793,0.7199904276053135,0.7037901028140323,0.022469239803448192,109
0.6275865077972412,0.02430291643048517,0.014728450775146484,0.0012976885155114633,8,log2,4,6,300,"{'max_depth': 8, 'max_features': 'log2', 'max_leaf_nodes': 4, 'min_samples_split': 6, 'n_estimators': 300}",0.6989853438556933,0.7236144712838961,0.6628958258077207,0.7067541321235126,0.719964738216698,0.7024429022575042,0.021678388958613577,127
0.1358497142791748,0.008208080921362175,0.0044079780578613285,0.0005862620187362815,8,log2,8,2,50,"{'max_depth': 8, 'max_features': 'log2', 'max_leaf_nodes': 8, 'min_samples_split': 2, 'n_estimators': 50}",0.702197161947524,0.7335585828058804,0.701244692141259,0.7181532204442769,0.7494228979795433,0.7209153110636967,0.018533571333276155,93
0.3744797706604004,0.008747717700803296,0.00861063003540039,0.00020071534543138696,8,log2,8,2,150,"{'max_depth': 8, 'max_features': 'log2', 'max_leaf_nodes': 8, 'min_samples_split': 2, 'n_estimators': 150}",0.7134447633183265,0.7403754961511904,0.6978118514863063,0.7316839121508314,0.7449079938493842,0.7256448033912078,0.017595731527549587,59
0.7606748104095459,0.022233325648848622,0.01741652488708496,0.0028477736349055336,8,log2,8,2,300,"{'max_depth': 8, 'max_features': 'log2', 'max_leaf_nodes': 8, 'min_samples_split': 2, 'n_estimators': 300}",0.715733654586273,0.7381178917698964,0.7046155639766801,0.7260156797786842,0.7437626180019872,0.7256490816227041,0.014313842102934453,51
0.12548480033874512,0.006306550697069348,0.004509544372558594,0.0003184522823305844,8,log2,8,6,50,"{'max_depth': 8, 'max_features': 'log2', 'max_leaf_nodes': 8, 'min_samples_split': 6, 'n_estimators': 50}",0.702197161947524,0.7335585828058804,0.701244692141259,0.7181532204442769,0.7494228979795433,0.7209153110636967,0.018533571333276155,93
0.37546048164367674,0.002644818168615956,0.008809995651245118,0.00039876872340105756,8,log2,8,6,150,"{'max_depth': 8, 'max_features': 'log2', 'max_leaf_nodes': 8, 'min_samples_split': 6, 'n_estimators': 150}",0.7134447633183265,0.7403754961511904,0.6978118514863063,0.7316839121508314,0.7449079938493842,0.7256448033912078,0.017595731527549587,59
0.7627089977264404,0.017742358437928995,0.01670846939086914,0.0022959094400781268,8,log2,8,6,300,"{'max_depth': 8, 'max_features': 'log2', 'max_leaf_nodes': 8, 'min_samples_split': 6, 'n_estimators': 300}",0.715733654586273,0.7381178917698964,0.7046155639766801,0.7260156797786842,0.7437626180019872,0.7256490816227041,0.014313842102934453,51
0.1856205940246582,0.004326040830105605,0.005413627624511719,0.0008044849496115018,8,log2,,2,50,"{'max_depth': 8, 'max_features': 'log2', 'max_leaf_nodes': None, 'min_samples_split': 2, 'n_estimators': 50}",0.7429217570864628,0.7745225763554215,0.7280771702822771,0.7519540270443595,0.7773997626879277,0.7549750586912898,0.018776996079345305,12
0.5498038291931152,0.01337749782494023,0.014006567001342774,0.0015408277303159807,8,log2,,2,150,"{'max_depth': 8, 'max_features': 'log2', 'max_leaf_nodes': None, 'min_samples_split': 2, 'n_estimators': 150}",0.7463301604716719,0.7756431197060565,0.7225442942399387,0.7541464972333943,0.779548367500094,0.7556424878302311,0.020765183388843523,10
1.117993450164795,0.028001337133796007,0.02478303909301758,0.0016450644270244062,8,log2,,2,300,"{'max_depth': 8, 'max_features': 'log2', 'max_leaf_nodes': None, 'min_samples_split': 2, 'n_estimators': 300}",0.7497200597545178,0.7812868990647589,0.7282389173010159,0.74735740613718,0.7785463711775633,0.7570299306870072,0.020135898898593442,5
0.17868552207946778,0.004923205511357881,0.006012916564941406,0.0012703275264483859,8,log2,,6,50,"{'max_depth': 8, 'max_features': 'log2', 'max_leaf_nodes': None, 'min_samples_split': 6, 'n_estimators': 50}",0.7406132768976179,0.7688609644223467,0.7281705061897725,0.7463217774917794,0.7717671784585091,0.7511467406920052,0.016739997953068228,26
0.5535063743591309,0.008208274785907506,0.01446361541748047,0.002337765534034756,8,log2,,6,150,"{'max_depth': 8, 'max_features': 'log2', 'max_leaf_nodes': None, 'min_samples_split': 6, 'n_estimators': 150}",0.7407009628087347,0.7779030439684329,0.7214907822658527,0.747399795942648,0.7673402608766793,0.7509669691724695,0.01990275364219979,30
1.0984216690063477,0.018385104484457297,0.023526573181152345,0.0015469787959886325,8,log2,,6,300,"{'max_depth': 8, 'max_features': 'log2', 'max_leaf_nodes': None, 'min_samples_split': 6, 'n_estimators': 300}",0.7452118067632072,0.7767773505918673,0.7260365733094056,0.7440069954787724,0.7638752787301184,0.7511816009746741,0.017525168624930882,23
0.21699371337890624,0.010570217457038077,0.0038768291473388673,0.00044990526148072966,8,,4,2,50,"{'max_depth': 8, 'max_features': None, 'max_leaf_nodes': 4, 'min_samples_split': 2, 'n_estimators': 50}",0.6965222971370175,0.7096284073142584,0.657392134265555,0.710788450667753,0.7187914911076898,0.6986245560984546,0.021818718767546312,163
0.6425625324249268,0.012059339384245771,0.009118795394897461,0.0015419635958630947,8,,4,2,150,"{'max_depth': 8, 'max_features': None, 'max_leaf_nodes': 4, 'min_samples_split': 2, 'n_estimators': 150}",0.695375534972729,0.7105260910685142,0.656682741476475,0.7144575615567952,0.7222230871020472,0.6998530032353122,0.023286682040318932,157
1.2840945243835449,0.04032033919398674,0.012723541259765625,0.0012225740277783989,8,,4,2,300,"{'max_depth': 8, 'max_features': None, 'max_leaf_nodes': 4, 'min_samples_split': 2, 'n_estimators': 300}",0.6963524229956998,0.7246740325939874,0.656682741476475,0.7157178134062548,0.7188215908431794,0.7024497202631192,0.024778191547203638,121
0.20909314155578612,0.004496699058912391,0.004007863998413086,0.000554119398739266,8,,4,6,50,"{'max_depth': 8, 'max_features': None, 'max_leaf_nodes': 4, 'min_samples_split': 6, 'n_estimators': 50}",0.6965222971370175,0.7096284073142584,0.657392134265555,0.710788450667753,0.7187914911076898,0.6986245560984546,0.021818718767546312,163
0.6412875175476074,0.008612656851217228,0.007213211059570313,0.0007521910914261242,8,,4,6,150,"{'max_depth': 8, 'max_features': None, 'max_leaf_nodes': 4, 'min_samples_split': 6, 'n_estimators': 150}",0.695375534972729,0.7105260910685142,0.656682741476475,0.7144575615567952,0.7222230871020472,0.6998530032353122,0.023286682040318932,157
1.2785516262054444,0.02535708878895097,0.014660120010375977,0.0027531079615579148,8,,4,6,300,"{'max_depth': 8, 'max_features': None, 'max_leaf_nodes': 4, 'min_samples_split': 6, 'n_estimators': 300}",0.6963524229956998,0.7246740325939874,0.656682741476475,0.7157178134062548,0.7188215908431794,0.7024497202631192,0.024778191547203638,121
0.30470776557922363,0.00785092127232049,0.004901695251464844,0.0013613369531824961,8,,8,2,50,"{'max_depth': 8, 'max_features': None, 'max_leaf_nodes': 8, 'min_samples_split': 2, 'n_estimators': 50}",0.7045930325052865,0.7327188724248457,0.6955915497309102,0.7325904122692933,0.7358916478555305,0.7202771029571733,0.01676660866193207,101
0.9209623336791992,0.011662603974916155,0.008411550521850586,0.0006630044845551447,8,,8,2,150,"{'max_depth': 8, 'max_features': None, 'max_leaf_nodes': 8, 'min_samples_split': 2, 'n_estimators': 150}",0.7068480475243302,0.7350135001649591,0.6978548759045067,0.72928466277382,0.7358943394741921,0.7209790851683616,0.015638590177124007,89
1.841292381286621,0.020047743768928056,0.018328046798706053,0.004218772215606722,8,,8,2,300,"{'max_depth': 8, 'max_features': None, 'max_leaf_nodes': 8, 'min_samples_split': 2, 'n_estimators': 300}",0.7068480475243302,0.7361323790320223,0.694429157870632,0.7326543289220885,0.7358943394741921,0.721191650564653,0.01727864223142694,85
0.3119715690612793,0.0035970654680513984,0.004812431335449219,0.001369435701923497,8,,8,6,50,"{'max_depth': 8, 'max_features': None, 'max_leaf_nodes': 8, 'min_samples_split': 6, 'n_estimators': 50}",0.7045930325052865,0.7327188724248457,0.6955915497309102,0.7325904122692933,0.7358916478555305,0.7202771029571733,0.01676660866193207,101
0.9162042140960693,0.010216853518174666,0.009222793579101562,0.0012686552161766391,8,,8,6,150,"{'max_depth': 8, 'max_features': None, 'max_leaf_nodes': 8, 'min_samples_split': 6, 'n_estimators': 150}",0.7068480475243302,0.7350135001649591,0.6978548759045067,0.72928466277382,0.7358943394741921,0.7209790851683616,0.015638590177124007,89
1.841548538208008,0.01958290291117579,0.017038869857788085,0.0023175615078283303,8,,8,6,300,"{'max_depth': 8, 'max_features': None, 'max_leaf_nodes': 8, 'min_samples_split': 6, 'n_estimators': 300}",0.7068480475243302,0.7361323790320223,0.694429157870632,0.7326543289220885,0.7358943394741921,0.721191650564653,0.01727864223142694,85
0.4661746025085449,0.005700861245449535,0.0058063030242919925,0.001035567628943146,8,,,2,50,"{'max_depth': 8, 'max_features': None, 'max_leaf_nodes': None, 'min_samples_split': 2, 'n_estimators': 50}",0.747444100263348,0.7687516347216378,0.7237459176321213,0.7440258681631976,0.7634737028359341,0.7494882447232477,0.015895626575728593,32
1.417107057571411,0.018523553908430114,0.013428115844726562,0.0012363756702895405,8,,,2,150,"{'max_depth': 8, 'max_features': None, 'max_leaf_nodes': None, 'min_samples_split': 2, 'n_estimators': 150}",0.7541971186177584,0.7755832251113466,0.7226395029677838,0.7451016686919764,0.7716553980673215,0.7538353826912374,0.019183915777313994,16
2.8312826633453367,0.02893075277748029,0.023980474472045897,0.0023622258785207877,8,,,2,300,"{'max_depth': 8, 'max_features': None, 'max_leaf_nodes': None, 'min_samples_split': 2, 'n_estimators': 300}",0.7530626773936104,0.7755832251113466,0.7215056498161935,0.7450763907786805,0.7647840898256836,0.7520024065851029,0.018431345427778124,19
0.469866943359375,0.009945050112404426,0.005889463424682617,0.0005925402782106913,8,,,6,50,"{'max_depth': 8, 'max_features': None, 'max_leaf_nodes': None, 'min_samples_split': 6, 'n_estimators': 50}",0.7485658295911382,0.7676105934987638,0.7248462062946702,0.7384116124739446,0.7623137775350151,0.7483496038787063,0.015602589475856998,33
1.4154934883117676,0.020323919757563494,0.014008569717407226,0.002622148757719639,8,,,6,150,"{'max_depth': 8, 'max_features': None, 'max_leaf_nodes': None, 'min_samples_split': 6, 'n_estimators': 150}",0.7519420463114991,0.777838670085102,0.7226500786437181,0.7462811468577949,0.7716949986038473,0.7540813881003923,0.019636677331779272,15
2.8405895709991453,0.024243695047390424,0.02393617630004883,0.0022091346168958805,8,,,6,300,"{'max_depth': 8, 'max_features': None, 'max_leaf_nodes': None, 'min_samples_split': 6, 'n_estimators': 300}",0.7519540270443595,0.7767347879538519,0.7192506348349479,0.7462172775630657,0.7647840898256836,0.7517881634443817,0.019395779052004503,20
0.10492906570434571,0.005931942862051181,0.003906536102294922,0.00019745477237109697,,sqrt,4,2,50,"{'max_depth': None, 'max_features': 'sqrt', 'max_leaf_nodes': 4, 'min_samples_split': 2, 'n_estimators': 50}",0.6956000615455852,0.7204030194937227,0.6693604561135507,0.7044014450476113,0.7151838596444035,0.7009897683689745,0.01799693539200767,145
0.3094301700592041,0.0062564929606158505,0.009497261047363282,0.0015100447144064332,,sqrt,4,2,150,"{'max_depth': None, 'max_features': 'sqrt', 'max_leaf_nodes': 4, 'min_samples_split': 2, 'n_estimators': 150}",0.6967135917568384,0.7280943703302685,0.6640283895612621,0.7101237348164793,0.7199904276053135,0.7037901028140323,0.022469239803448192,109
0.6280754566192627,0.012057582154401262,0.015647459030151366,0.0032596050063257516,,sqrt,4,2,300,"{'max_depth': None, 'max_features': 'sqrt', 'max_leaf_nodes': 4, 'min_samples_split': 2, 'n_estimators': 300}",0.6989853438556933,0.7236144712838961,0.6628958258077207,0.7067541321235126,0.719964738216698,0.7024429022575042,0.021678388958613577,127
0.1037935733795166,0.004742972663352426,0.004106712341308594,0.0005878299956329722,,sqrt,4,6,50,"{'max_depth': None, 'max_features': 'sqrt', 'max_leaf_nodes': 4, 'min_samples_split': 6, 'n_estimators': 50}",0.6956000615455852,0.7204030194937227,0.6693604561135507,0.7044014450476113,0.7151838596444035,0.7009897683689745,0.01799693539200767,145
0.3034994125366211,0.0025664876155454684,0.008045673370361328,0.0006840079865369821,,sqrt,4,6,150,"{'max_depth': None, 'max_features': 'sqrt', 'max_leaf_nodes': 4, 'min_samples_split': 6, 'n_estimators': 150}",0.6967135917568384,0.7280943703302685,0.6640283895612621,0.7101237348164793,0.7199904276053135,0.7037901028140323,0.022469239803448192,109
0.6224031925201416,0.007962877683819378,0.013718605041503906,0.0006773589236253396,,sqrt,4,6,300,"{'max_depth': None, 'max_features': 'sqrt', 'max_leaf_nodes': 4, 'min_samples_split': 6, 'n_estimators': 300}",0.6989853438556933,0.7236144712838961,0.6628958258077207,0.7067541321235126,0.719964738216698,0.7024429022575042,0.021678388958613577,127
0.13177404403686524,0.014429707422342092,0.004222583770751953,0.0008114534837900495,,sqrt,8,2,50,"{'max_depth': None, 'max_features': 'sqrt', 'max_leaf_nodes': 8, 'min_samples_split': 2, 'n_estimators': 50}",0.702197161947524,0.7335585828058804,0.701244692141259,0.7181532204442769,0.7494228979795433,0.7209153110636967,0.018533571333276155,93
0.3760687351226807,0.006554917768948483,0.010001325607299804,0.0013543210997399204,,sqrt,8,2,150,"{'max_depth': None, 'max_features': 'sqrt', 'max_leaf_nodes': 8, 'min_samples_split': 2, 'n_estimators': 150}",0.7134447633183265,0.7403754961511904,0.6978118514863063,0.7316839121508314,0.7449079938493842,0.7256448033912078,0.017595731527549587,59
0.7599908351898194,0.018965747035820206,0.01742720603942871,0.002183807403752525,,sqrt,8,2,300,"{'max_depth': None, 'max_features': 'sqrt', 'max_leaf_nodes': 8, 'min_samples_split': 2, 'n_estimators': 300}",0.715733654586273,0.7381178917698964,0.7046155639766801,0.7260156797786842,0.7437626180019872,0.7256490816227041,0.014313842102934453,51
0.12840166091918945,0.0047827349024089924,0.0043144702911376955,0.0006811471579659367,,sqrt,8,6,50,"{'max_depth': None, 'max_features': 'sqrt', 'max_leaf_nodes': 8, 'min_samples_split': 6, 'n_estimators': 50}",0.702197161947524,0.7335585828058804,0.701244692141259,0.7181532204442769,0.7494228979795433,0.7209153110636967,0.018533571333276155,93
0.3781364917755127,0.017181573528446698,0.008822202682495117,0.0004094772845014105,,sqrt,8,6,150,"{'max_depth': None, 'max_features': 'sqrt', 'max_leaf_nodes': 8, 'min_samples_split': 6, 'n_estimators': 150}",0.7134447633183265,0.7403754961511904,0.6978118514863063,0.7316839121508314,0.7449079938493842,0.7256448033912078,0.017595731527549587,59
0.7615537166595459,0.015180922682003755,0.016427898406982423,0.001540445215558403,,sqrt,8,6,300,"{'max_depth': None, 'max_features': 'sqrt', 'max_leaf_nodes': 8, 'min_samples_split': 6, 'n_estimators': 300}",0.715733654586273,0.7381178917698964,0.7046155639766801,0.7260156797786842,0.7437626180019872,0.7256490816227041,0.014313842102934453,51
0.2901576042175293,0.0057826179646727855,0.008621835708618164,0.0004952631124874728,,sqrt,,2,50,"{'max_depth': None, 'max_features': 'sqrt', 'max_leaf_nodes': None, 'min_samples_split': 2, 'n_estimators': 50}",0.7462520940742204,0.7666112863902216,0.730542148388111,0.7474087730904829,0.7460059836819471,0.7473640571249967,0.011458754493930101,34
0.8673807144165039,0.017217889446810047,0.02173442840576172,0.0010839348692083192,,sqrt,,2,150,"{'max_depth': None, 'max_features': 'sqrt', 'max_leaf_nodes': None, 'min_samples_split': 2, 'n_estimators': 150}",0.7418237556932531,0.7666112863902216,0.7316770912883306,0.7575914327241431,0.7571894401130654,0.7509786012418027,0.012514346871890665,28
1.7265878677368165,0.023236330873326414,0.041344833374023435,0.002077529632805189,,sqrt,,2,300,"{'max_depth': None, 'max_features': 'sqrt', 'max_leaf_nodes': None, 'min_samples_split': 2, 'n_estimators': 300}",0.7440785700540107,0.781272997626898,0.7350047533848081,0.7587373167981961,0.7628225960393333,0.7563832467806493,0.015968416395712327,8
0.2725823879241943,0.003587302687060618,0.007810449600219727,0.0006029160895319193,,sqrt,,6,50,"{'max_depth': None, 'max_features': 'sqrt', 'max_leaf_nodes': None, 'min_samples_split': 6, 'n_estimators': 50}",0.7418283500145483,0.7643149728700449,0.735055945381524,0.7485811677428819,0.7674730302140742,0.7514506932446146,0.012584247260609478,21
0.834078025817871,0.029585650168639777,0.01982769966125488,0.0011295592387017405,,sqrt,,6,150,"{'max_depth': None, 'max_features': 'sqrt', 'max_leaf_nodes': None, 'min_samples_split': 6, 'n_estimators': 150}",0.7418283500145483,0.7778753726630472,0.7429576973545781,0.7711299419363454,0.7628951201496607,0.759337296423636,0.014630374831367109,1
1.6757635116577148,0.02132868807619569,0.03761658668518066,0.0017884722247220467,,sqrt,,6,300,"{'max_depth': None, 'max_features': 'sqrt', 'max_leaf_nodes': None, 'min_samples_split': 6, 'n_estimators': 300}",0.7463378984859097,0.7824043290330771,0.7384461885722888,0.764356322973702,0.7606369784368003,0.7584363435003556,0.015233725397293826,3
0.10648593902587891,0.00764430136611609,0.004221725463867188,0.00026623182912605716,,log2,4,2,50,"{'max_depth': None, 'max_features': 'log2', 'max_leaf_nodes': 4, 'min_samples_split': 2, 'n_estimators': 50}",0.6956000615455852,0.7204030194937227,0.6693604561135507,0.7044014450476113,0.7151838596444035,0.7009897683689745,0.01799693539200767,145
0.3171111583709717,0.012916964735750292,0.007613325119018554,0.0004892881728821414,,log2,4,2,150,"{'max_depth': None, 'max_features': 'log2', 'max_leaf_nodes': 4, 'min_samples_split': 2, 'n_estimators': 150}",0.6967135917568384,0.7280943703302685,0.6640283895612621,0.7101237348164793,0.7199904276053135,0.7037901028140323,0.022469239803448192,109
0.6225353717803955,0.008322711119853214,0.014220380783081054,0.0013648002837856955,,log2,4,2,300,"{'max_depth': None, 'max_features': 'log2', 'max_leaf_nodes': 4, 'min_samples_split': 2, 'n_estimators': 300}",0.6989853438556933,0.7236144712838961,0.6628958258077207,0.7067541321235126,0.719964738216698,0.7024429022575042,0.021678388958613577,127
0.10137290954589843,0.004671883909573792,0.0035013675689697264,0.0004470295943906592,,log2,4,6,50,"{'max_depth': None, 'max_features': 'log2', 'max_leaf_nodes': 4, 'min_samples_split': 6, 'n_estimators': 50}",0.6956000615455852,0.7204030194937227,0.6693604561135507,0.7044014450476113,0.7151838596444035,0.7009897683689745,0.01799693539200767,145
0.30620198249816893,0.003070778562703066,0.008012676239013672,0.0004499218882160413,,log2,4,6,150,"{'max_depth': None, 'max_features': 'log2', 'max_leaf_nodes': 4, 'min_samples_split': 6, 'n_estimators': 150}",0.6967135917568384,0.7280943703302685,0.6640283895612621,0.7101237348164793,0.7199904276053135,0.7037901028140323,0.022469239803448192,109
0.622908067703247,0.020712007577318742,0.013313007354736329,0.0011653664691126052,,log2,4,6,300,"{'max_depth': None, 'max_features': 'log2', 'max_leaf_nodes': 4, 'min_samples_split': 6, 'n_estimators': 300}",0.6989853438556933,0.7236144712838961,0.6628958258077207,0.7067541321235126,0.719964738216698,0.7024429022575042,0.021678388958613577,127
0.1335906505584717,0.01055106576121867,0.004742431640625,0.0008874924828968753,,log2,8,2,50,"{'max_depth': None, 'max_features': 'log2', 'max_leaf_nodes': 8, 'min_samples_split': 2, 'n_estimators': 50}",0.702197161947524,0.7335585828058804,0.701244692141259,0.7181532204442769,0.7494228979795433,0.7209153110636967,0.018533571333276155,93
0.37519140243530275,0.007174683962158197,0.008510494232177734,0.0006324140892350204,,log2,8,2,150,"{'max_depth': None, 'max_features': 'log2', 'max_leaf_nodes': 8, 'min_samples_split': 2, 'n_estimators': 150}",0.7134447633183265,0.7403754961511904,0.6978118514863063,0.7316839121508314,0.7449079938493842,0.7256448033912078,0.017595731527549587,59
0.7665269374847412,0.020015976003925903,0.015038299560546874,0.0005350874312853331,,log2,8,2,300,"{'max_depth': None, 'max_features': 'log2', 'max_leaf_nodes': 8, 'min_samples_split': 2, 'n_estimators': 300}",0.715733654586273,0.7381178917698964,0.7046155639766801,0.7260156797786842,0.7437626180019872,0.7256490816227041,0.014313842102934453,51
0.13030681610107422,0.006009788659343474,0.004743528366088867,0.0006238218800824325,,log2,8,6,50,"{'max_depth': None, 'max_features': 'log2', 'max_leaf_nodes': 8, 'min_samples_split': 6, 'n_estimators': 50}",0.702197161947524,0.7335585828058804,0.701244692141259,0.7181532204442769,0.7494228979795433,0.7209153110636967,0.018533571333276155,93
0.3826744079589844,0.015436137471099814,0.00951399803161621,0.002307363365881972,,log2,8,6,150,"{'max_depth': None, 'max_features': 'log2', 'max_leaf_nodes': 8, 'min_samples_split': 6, 'n_estimators': 150}",0.7134447633183265,0.7403754961511904,0.6978118514863063,0.7316839121508314,0.7449079938493842,0.7256448033912078,0.017595731527549587,59
0.755916166305542,0.01495536674967788,0.015421438217163085,0.0003775607458582284,,log2,8,6,300,"{'max_depth': None, 'max_features': 'log2', 'max_leaf_nodes': 8, 'min_samples_split': 6, 'n_estimators': 300}",0.715733654586273,0.7381178917698964,0.7046155639766801,0.7260156797786842,0.7437626180019872,0.7256490816227041,0.014313842102934453,51
0.28277039527893066,0.004042850248196157,0.009066247940063476,0.001278002594170705,,log2,,2,50,"{'max_depth': None, 'max_features': 'log2', 'max_leaf_nodes': None, 'min_samples_split': 2, 'n_estimators': 50}",0.7462520940742204,0.7666112863902216,0.730542148388111,0.7474087730904829,0.7460059836819471,0.7473640571249967,0.011458754493930101,34
0.8631716728210449,0.024256151856753276,0.021633720397949217,0.0003812154757067235,,log2,,2,150,"{'max_depth': None, 'max_features': 'log2', 'max_leaf_nodes': None, 'min_samples_split': 2, 'n_estimators': 150}",0.7418237556932531,0.7666112863902216,0.7316770912883306,0.7575914327241431,0.7571894401130654,0.7509786012418027,0.012514346871890665,28
1.7228616237640382,0.012606540815200873,0.040122461318969724,0.0010480972329556064,,log2,,2,300,"{'max_depth': None, 'max_features': 'log2', 'max_leaf_nodes': None, 'min_samples_split': 2, 'n_estimators': 300}",0.7440785700540107,0.781272997626898,0.7350047533848081,0.7587373167981961,0.7628225960393333,0.7563832467806493,0.015968416395712327,8
0.27991375923156736,0.01424183178789527,0.008413314819335938,0.001624424889907249,,log2,,6,50,"{'max_depth': None, 'max_features': 'log2', 'max_leaf_nodes': None, 'min_samples_split': 6, 'n_estimators': 50}",0.7418283500145483,0.7643149728700449,0.735055945381524,0.7485811677428819,0.7674730302140742,0.7514506932446146,0.012584247260609478,21
0.8256320476531982,0.011707818529359208,0.019885492324829102,0.0009863763877213327,,log2,,6,150,"{'max_depth': None, 'max_features': 'log2', 'max_leaf_nodes': None, 'min_samples_split': 6, 'n_estimators': 150}",0.7418283500145483,0.7778753726630472,0.7429576973545781,0.7711299419363454,0.7628951201496607,0.759337296423636,0.014630374831367109,1
1.6801686763763428,0.029218708474852424,0.037276411056518556,0.002391952588843689,,log2,,6,300,"{'max_depth': None, 'max_features': 'log2', 'max_leaf_nodes': None, 'min_samples_split': 6, 'n_estimators': 300}",0.7463378984859097,0.7824043290330771,0.7384461885722888,0.764356322973702,0.7606369784368003,0.7584363435003556,0.015233725397293826,3
0.21198635101318358,0.009034592892941532,0.0040074348449707035,3.5734165182485952e-06,,,4,2,50,"{'max_depth': None, 'max_features': None, 'max_leaf_nodes': 4, 'min_samples_split': 2, 'n_estimators': 50}",0.6965222971370175,0.7096284073142584,0.657392134265555,0.710788450667753,0.7187914911076898,0.6986245560984546,0.021818718767546312,163
0.670654582977295,0.0033790510585940403,0.007212686538696289,0.0003979989375279801,,,4,2,150,"{'max_depth': None, 'max_features': None, 'max_leaf_nodes': 4, 'min_samples_split': 2, 'n_estimators': 150}",0.695375534972729,0.7105260910685142,0.656682741476475,0.7144575615567952,0.7222230871020472,0.6998530032353122,0.023286682040318932,157
1.2827762126922608,0.032604950541586665,0.012618827819824218,0.0007398518804962056,,,4,2,300,"{'max_depth': None, 'max_features': None, 'max_leaf_nodes': 4, 'min_samples_split': 2, 'n_estimators': 300}",0.6963524229956998,0.7246740325939874,0.656682741476475,0.7157178134062548,0.7188215908431794,0.7024497202631192,0.024778191547203638,121
0.20893731117248535,0.00984562915330317,0.004307222366333008,0.0005086731630831673,,,4,6,50,"{'max_depth': None, 'max_features': None, 'max_leaf_nodes': 4, 'min_samples_split': 6, 'n_estimators': 50}",0.6965222971370175,0.7096284073142584,0.657392134265555,0.710788450667753,0.7187914911076898,0.6986245560984546,0.021818718767546312,163
0.6295695304870605,0.012676173603548896,0.008437538146972656,0.002171743289578852,,,4,6,150,"{'max_depth': None, 'max_features': None, 'max_leaf_nodes': 4, 'min_samples_split': 6, 'n_estimators': 150}",0.695375534972729,0.7105260910685142,0.656682741476475,0.7144575615567952,0.7222230871020472,0.6998530032353122,0.023286682040318932,157
1.273715353012085,0.02206917695687164,0.012919139862060548,0.001247420773870793,,,4,6,300,"{'max_depth': None, 'max_features': None, 'max_leaf_nodes': 4, 'min_samples_split': 6, 'n_estimators': 300}",0.6963524229956998,0.7246740325939874,0.656682741476475,0.7157178134062548,0.7188215908431794,0.7024497202631192,0.024778191547203638,121
0.30813350677490237,0.009430723386615141,0.0048068523406982425,0.0013682613023578269,,,8,2,50,"{'max_depth': None, 'max_features': None, 'max_leaf_nodes': 8, 'min_samples_split': 2, 'n_estimators': 50}",0.7045930325052865,0.7327188724248457,0.6955915497309102,0.7325904122692933,0.7358916478555305,0.7202771029571733,0.01676660866193207,101
0.9247812271118164,0.012330794138561087,0.00921630859375,0.0014166910212380008,,,8,2,150,"{'max_depth': None, 'max_features': None, 'max_leaf_nodes': 8, 'min_samples_split': 2, 'n_estimators': 150}",0.7068480475243302,0.7350135001649591,0.6978548759045067,0.72928466277382,0.7358943394741921,0.7209790851683616,0.015638590177124007,89
1.8423575401306151,0.015749184032182763,0.015986013412475585,0.0014393378109650436,,,8,2,300,"{'max_depth': None, 'max_features': None, 'max_leaf_nodes': 8, 'min_samples_split': 2, 'n_estimators': 300}",0.7068480475243302,0.7361323790320223,0.694429157870632,0.7326543289220885,0.7358943394741921,0.721191650564653,0.01727864223142694,85
0.30461740493774414,0.001219320697231644,0.004089450836181641,0.000572376594917082,,,8,6,50,"{'max_depth': None, 'max_features': None, 'max_leaf_nodes': 8, 'min_samples_split': 6, 'n_estimators': 50}",0.7045930325052865,0.7327188724248457,0.6955915497309102,0.7325904122692933,0.7358916478555305,0.7202771029571733,0.01676660866193207,101
0.9262736320495606,0.021293846306393034,0.009317684173583984,0.0007495292914785408,,,8,6,150,"{'max_depth': None, 'max_features': None, 'max_leaf_nodes': 8, 'min_samples_split': 6, 'n_estimators': 150}",0.7068480475243302,0.7350135001649591,0.6978548759045067,0.72928466277382,0.7358943394741921,0.7209790851683616,0.015638590177124007,89
1.8264148235321045,0.023264944057796076,0.015509796142578126,0.0007185665022988619,,,8,6,300,"{'max_depth': None, 'max_features': None, 'max_leaf_nodes': 8, 'min_samples_split': 6, 'n_estimators': 300}",0.7068480475243302,0.7361323790320223,0.694429157870632,0.7326543289220885,0.7358943394741921,0.721191650564653,0.01727864223142694,85
0.7647049903869629,0.013908531239672272,0.008967733383178711,0.0015768783170966594,,,,2,50,"{'max_depth': None, 'max_features': None, 'max_leaf_nodes': None, 'min_samples_split': 2, 'n_estimators': 50}",0.7485811677428819,0.763158380098063,0.7203710340238717,0.739485483249533,0.7649879857394549,0.747316810170761,0.016445235889562683,36
2.274083662033081,0.020319759958187453,0.01982870101928711,0.0003959330162266462,,,,2,150,"{'max_depth': None, 'max_features': None, 'max_leaf_nodes': None, 'min_samples_split': 2, 'n_estimators': 150}",0.7519672674613345,0.7655016910935738,0.7249126482115659,0.7576117696643138,0.762873367038333,0.7525733486938242,0.014588350054806281,18
4.559726905822754,0.023161002339124038,0.03834552764892578,0.004174851471219831,,,,2,300,"{'max_depth': None, 'max_features': None, 'max_leaf_nodes': None, 'min_samples_split': 2, 'n_estimators': 300}",0.7508487136086952,0.7700130278825299,0.7305113237309264,0.7654885747752309,0.7673402608766793,0.7568403801748123,0.014749079250560964,7
0.7486578941345214,0.02308730492223925,0.007906150817871094,0.0006641035300659025,,,,6,50,"{'max_depth': None, 'max_features': None, 'max_leaf_nodes': None, 'min_samples_split': 6, 'n_estimators': 50}",0.7508316125585921,0.7711299419363454,0.7316122831890636,0.7474633596392334,0.7548707605328645,0.7511815915712198,0.012715755695062907,25
2.247348165512085,0.011589648255156872,0.01856365203857422,0.0012902284075581479,,,,6,150,"{'max_depth': None, 'max_features': None, 'max_leaf_nodes': None, 'min_samples_split': 6, 'n_estimators': 150}",0.7553588611118989,0.772269538884319,0.7293913232489083,0.7564856206232423,0.7606150181529838,0.7548240724042705,0.014055253995687089,14
4.506244707107544,0.024505617960563632,0.034119606018066406,0.001511572106778623,,,,6,300,"{'max_depth': None, 'max_features': None, 'max_leaf_nodes': None, 'min_samples_split': 6, 'n_estimators': 300}",0.7519767255175752,0.7722689600272915,0.7293913232489083,0.7587133929623333,0.7560162488439853,0.7536733301200187,0.013922523320975525,17
